Datum;Uhrzeit;Typ;Wertpapiername;ISIN;Wert;Stück;Buchungswährung;Gebühren;Steuern;Bruttobetrag;Notiz
08.09.2026 00:00:00;02:00:00;Dividende;Test World ETF (Dist);IE00TEST0001;12,5;;EUR;;;;CASH_DEPOT1_1001_DEPOT1_2026-09-08
16.06.2026;20:09:37;Kauf;Test World ETF (Dist);IE00TEST0001;-1001;10;EUR;1;0;1000;ORDER0001
01.04.2026;02:00:00;Zinsen;;;31,9;;EUR;;;;CASH_DEPOT1_INT0001_2026-04-01
16.02.2026;07:30:13;Verkauf;Test Tech ETF (Acc);IE00TEST0002;1197,01;20;EUR;0,99;2;1200;ORDER0002
09.02.2026;01:00:00;Dividende;Test Factor Certificate;DE000TEST0003;24,99;;EUR;;;;CASH_DEPOT1_5005_DEPOT1_2026-02-09
09.02.2026;01:00:00;;Test Factor Certificate;DE000TEST0003;0;12;EUR;;;;5005_DEPOT1
24.01.2026;01:00:00;TAX;;;-2,29;;EUR;;;;7001_DEPOT1 Vorabpauschale: Test World ETF (IE00TEST0001)
08.12.2025;01:00:00;Entnahme;;;-100;;EUR;;;;CASH_DEPOT0_X0001_2025-12-08 Migration Cash
07.12.2025;01:00:00;;Test Tech ETF (Acc);IE00TEST0002;500;20;EUR;;;;SWITCH-101-1-DEPOT1-IE00TEST0002-WDP
07.12.2025;01:00:00;;Test Tech ETF (Acc);IE00TEST0002;500;20;EUR;;;;CANCEL-SWITCH-101-DEPOT1-IE00TEST0002-WDP
06.12.2025;01:00:00;;Test Tech ETF (Acc);IE00TEST0002;500;20;EUR;;;;SWITCH-101-DEPOT1-IE00TEST0002-WDP
06.12.2025;01:00:00;Einlage;;;100;;EUR;;;;CASH_DEPOT1_SWITCH-101-DEPOT1-EUR-DEPOSIT_2025-12-06
05.12.2025;01:00:00;;Test Tech ETF (Acc);IE00TEST0002;-480;20;EUR;;;;WWUM 0001
11.09.2025;02:00:00;Entnahme;;;-500;;EUR;;;;PAYOUT0001 Scalable Capital Broker Auszahlung
27.08.2025;02:00:00;Dividende;Test World ETF (Dist);IE00TEST0001;40;;EUR;;;;CASH_DEPOT0_WWEK 9002_2025-08-27
27.08.2025;02:00:00;Dividende;Test World ETF (Dist);IE00TEST0001;-40;;EUR;;;;CASH_DEPOT0_CANCEL-WWEK 9001_2025-08-27
19.08.2025;21:59:29;Kauf;Test Factor Certificate;DE000TEST0003;-94,71;12;EUR;0,99;0;93,72;ORDER0005
11.06.2025;02:00:00;Dividende;Test World ETF (Dist);IE00TEST0001;40;;EUR;;;;CASH_DEPOT0_WWEK 9001_2025-06-11
28.04.2025;02:00:00;;Test Payments ETF (Acc);IE00TEST0004;-300;100;EUR;;;;WWUM 0002
28.04.2025;02:00:00;SWAP_OUT;;;300;;EUR;;;;CASH_DEPOT0_WWUM 0002_2025-04-28 Test Payments ETF (Acc)
28.04.2025;02:00:00;Steuerrückerstattung;;;9,8;;EUR;;;;AASE 0001
07.03.2024;01:00:00;FEE;;;-4,99;;EUR;;;;FEE0001 Entgelt PRIME+ Broker
10.01.2024;13:59:57;Kauf;Test Payments ETF (Acc);IE00TEST0004;-250;100;EUR;0;0;250;ORDER0003
10.01.2024;11:00:00;Kauf;Test Tech ETF (Acc);IE00TEST0002;-400;20;EUR;0;0;400;ORDER0004
05.01.2024;01:00:00;Einlage;;;2000;;EUR;;;;IN0001 Scalable Capital Broker Einzahlung
04.01.2024;01:00:00;UNKNOWN_TYPE;;;1;;EUR;;;;X0001
